frame-nr;aperture;focus-distance
0;11.5594;inf
1;11.5594;inf
54;11.5594;1.23198
55;11.5594;1.18598